<?xml version="1.0" encoding="UTF-8"?>
<!DOCTYPE suite SYSTEM "https://testng.org/testng-1.0.dtd">
<suite name="NBA Automation Test Suite" parallel="tests" thread-count="3">

    <!-- Core Product Tests on Chrome -->
    <test name="CoreProduct_Chrome">
        <parameter name="browser" value="chrome"/>
        <classes>
            <class name="com.nba.coreproduct.runners.CucumberTestRunner"/>
        </classes>
    </test>

    <!-- Core Product Tests on Firefox -->
    <test name="CoreProduct_Firefox">
        <parameter name="browser" value="firefox"/>
        <classes>
            <class name="com.nba.coreproduct.runners.CucumberTestRunner"/>
        </classes>
    </test>

    <!-- Derived Product 1 Tests on Chrome -->
    <test name="DerivedProduct1_Chrome">
        <parameter name="browser" value="chrome"/>
        <classes>
            <class name="com.nba.deriveproduct1.runners.CucumberTestRunner"/>
        </classes>
    </test>

    <!-- Derived Product 1 Tests on Firefox -->
    <test name="DerivedProduct1_Firefox">
        <parameter name="browser" value="firefox"/>
        <classes>
            <class name="com.nba.deriveproduct1.runners.CucumberTestRunner"/>
        </classes>
    </test>

    <!-- Derived Product 2 Tests on Chrome -->
    <test name="DerivedProduct2_Chrome">
        <parameter name="browser" value="chrome"/>
        <classes>
            <class name="com.nba.derivedproduct2.runners.CucumberTestRunner"/>
        </classes>
    </test>

    <!-- Derived Product 2 Tests on Firefox -->
    <test name="DerivedProduct2_Firefox">
        <parameter name="browser" value="firefox"/>
        <classes>
            <class name="com.nba.derivedproduct2.runners.CucumberTestRunner"/>
        </classes>
    </test>

</suite>